artist,segment
The Archies,Previously Active Listeners
Suzanne D'Mello,Previously Active Listeners
Emily Vaughn,Previously Active Listeners
Mitski,Light listeners
Meshell Ndegeocello,Light listeners
Atif Aslam,Previously Active Listeners
The Goo Goo Dolls,Previously Active Listeners
Dancing Years,Previously Active Listeners
Zach Benson,Previously Active Listeners
Peach Tree Rascals,Previously Active Listeners
Shura,Previously Active Listeners
Lord Huron,Previously Active Listeners
Rowan Blanchard,Previously Active Listeners
BSS,Previously Active Listeners
karaokey,Previously Active Listeners
Kris Bowers,Light listeners
mindfreakkk,Light listeners
Raghav Kaushik,Previously Active Listeners
Red Velvet,Previously Active Listeners
Saratoga,Previously Active Listeners
okayceci,Previously Active Listeners
Kim Na Young,Previously Active Listeners
Bea Miller,Previously Active Listeners
Lorde,Previously Active Listeners
Mandy Moore,Previously Active Listeners
Gang of Youths,Previously Active Listeners
WONHO,Previously Active Listeners
Arjun Kanungo,Previously Active Listeners
The Weeknd,Light listeners
Phoebe Bridgers,Previously Active Listeners
Sohail Sen,Previously Active Listeners
Kendrick Lamar,Previously Active Listeners
Adrien de la Salle,Previously Active Listeners
Etham,Previously Active Listeners
Wale,Previously Active Listeners
Steve Aoki,Previously Active Listeners
Ayushmann Khurrana,Previously Active Listeners
Kurt Elling,Previously Active Listeners
Lee Hyori,Previously Active Listeners
Neeti Mohan,Previously Active Listeners
SURAN,Previously Active Listeners
Lady Gaga,Previously Active Listeners
CLNGR,Previously Active Listeners
Ricky Nelson,Previously Active Listeners
OAFF,Previously Active Listeners
Balqees,Previously Active Listeners
Moses Sumney,Previously Active Listeners
Mithoon,Previously Active Listeners
Vance Joy,Previously Active Listeners
88rising,Previously Active Listeners
Adam Melchor,Previously Active Listeners
John K,Previously Active Listeners
Beauty School Dropout,Previously Active Listeners
Peach PRC,Previously Active Listeners
Janet Suhh,Previously Active Listeners
Seori,Previously Active Listeners
Ed Sheeran & Justin Bieber,Previously Active Listeners
Pyotr Ilyich Tchaikovsky,Previously Active Listeners
JHAYCO,Light listeners
PARK WON,Light listeners
(G)I-DLE,Previously Active Listeners
LEE SEUNG YOON,Previously Active Listeners
Transparent Arts,Previously Active Listeners
Nuz,Previously Active Listeners
LÃ˜REN,Previously Active Listeners
Orla Gartland,Previously Active Listeners
Ryan Gosling,Light listeners
salem ilese,Previously Active Listeners
pH-1,Light listeners
Anthony Lazaro,Previously Active Listeners
Frank Sinatra,Light listeners
Surf Curse,Previously Active Listeners
Jenevieve,Previously Active Listeners
Forrest Nolan,Previously Active Listeners
Dan + Shay,Previously Active Listeners
Shafqat Amanat Ali,Light listeners
ELIO,Previously Active Listeners
Michael Giacchino,Previously Active Listeners
Shankar Mahadevan,Light listeners
Lil Nas X,Previously Active Listeners
Ji Chang Wook,Previously Active Listeners
Vacation Manor,Previously Active Listeners
Agust D,Moderate listeners
KISS OF LIFE,Previously Active Listeners
V. Harikrishna,Previously Active Listeners
NIKI,Light listeners
Jeremy Passion,Previously Active Listeners
Sudeep,Previously Active Listeners
Tim Dup,Previously Active Listeners
Rebecca Leonard,Light listeners
Henry Mancini,Previously Active Listeners
"Car, the garden",Previously Active Listeners
Loco,Previously Active Listeners
Dylan Brady,Previously Active Listeners
Sam Hunt,Previously Active Listeners
TIX,Light listeners
Justin Park,Previously Active Listeners
glass beach,Previously Active Listeners
Ben Platt,Previously Active Listeners
Justin Timberlake,Previously Active Listeners
Iceland Symphony Orchestra,Previously Active Listeners
juhye,Previously Active Listeners
Zeph,Light listeners
Kristiane,Previously Active Listeners
Gym Class Heroes,Previously Active Listeners
JJ Heller,Light listeners
Anu Malik,Previously Active Listeners
Armaan Malik,Previously Active Listeners
Keane,Previously Active Listeners
Sara Bareilles,Previously Active Listeners
Laica,Previously Active Listeners
LIE NING,Light listeners
Sam Ock,Previously Active Listeners
ZAYN,Previously Active Listeners
Billy Idol,Light listeners
Goldie Sohel,Previously Active Listeners
Charli xcx,Light listeners
Javed Ali,Moderate listeners
Billianne,Previously Active Listeners
Harris J.,Previously Active Listeners
S.A. Rajkumar,Previously Active Listeners
Frank Ocean,Light listeners
Jawsh 685,Previously Active Listeners
Darshan Raval,Previously Active Listeners
Monday Kiz,Previously Active Listeners
B. Ajaneesh Loknath,Previously Active Listeners
Christine and the Queens,Previously Active Listeners
Juice WRLD,Previously Active Listeners
Alyssa Mendonsa,Previously Active Listeners
Shalmali Kholgade,Previously Active Listeners
chloe moriondo,Previously Active Listeners
Peter Collins,Light listeners
HEIZE,Previously Active Listeners
Ashe,Previously Active Listeners
Kehlani,Previously Active Listeners
Stephen Sanchez,Previously Active Listeners
Sunwoojunga,Light listeners
Jeff Bernat,Previously Active Listeners
Bryan Adams,Previously Active Listeners
youra,Previously Active Listeners
Papon,Light listeners
SiR,Previously Active Listeners
Fall Out Boy,Previously Active Listeners
Chelsea Cutler,Previously Active Listeners
Mstislav Rostropovich,Previously Active Listeners
Vivek Hariharan,Previously Active Listeners
Twenty One Pilots,Light listeners
SHAUN,Previously Active Listeners
Wrabel,Previously Active Listeners
Selena Gomez,Previously Active Listeners
Troye Sivan,Moderate listeners
Sacha Distel,Previously Active Listeners
Soulja Boy,Previously Active Listeners
eaJ,Light listeners
PRETTYMUCH,Light listeners
Minoire,Light listeners
Ari Abdul,Previously Active Listeners
è½æ—¥é£›è»Š Sunset Rollercoaster,Previously Active Listeners
K. S. Chithra,Previously Active Listeners
Anurag Saikia,Previously Active Listeners
MEDUZA,Previously Active Listeners
punchnello,Previously Active Listeners
JAMIE,Previously Active Listeners
Harry Styles,Moderate listeners
Matthew Ifield,Previously Active Listeners
AJ Mitchell,Previously Active Listeners
10CM,Moderate listeners
Anna Katharina Valayil,Previously Active Listeners
Yashita Sharma,Previously Active Listeners
Cover Kid,Light listeners
Stacey Kent,Previously Active Listeners
Christina Perri,Previously Active Listeners
Zion.T,Light listeners
Jayne Mansfield,Previously Active Listeners
Ã‰dith Piaf,Previously Active Listeners
Reinaeiry,Previously Active Listeners
Djo,Previously Active Listeners
HYBS,Previously Active Listeners
Martin Jones,Previously Active Listeners
Michael BublÃ©,Previously Active Listeners
Barney Sku,Previously Active Listeners
J.Tajor,Previously Active Listeners
Herbert von Karajan,Previously Active Listeners
Colbie Caillat,Previously Active Listeners
KK,Light listeners
ATEEZ,Previously Active Listeners
ROLE MODEL,Previously Active Listeners
UPSAHL,Previously Active Listeners
Jonita Gandhi,Previously Active Listeners
FrÃ©dÃ©ric Chopin,Previously Active Listeners
Yang Da Il,Previously Active Listeners
brb.,Previously Active Listeners
Sultan Khan,Previously Active Listeners
RINI,Light listeners
Frankie Valli & The Four Seasons,Previously Active Listeners
BÃ˜RNS,Previously Active Listeners
The Millennial Club,Light listeners
Devlin,Previously Active Listeners
Mind Combined,Previously Active Listeners
Anne-Marie,Previously Active Listeners
Alexander 23,Previously Active Listeners
saturn 17,Previously Active Listeners
Yuri Temirkanov,Previously Active Listeners
Passenger,Light listeners
Han Suji,Previously Active Listeners
Billie Marten,Previously Active Listeners
Ludwig van Beethoven,Previously Active Listeners
Jung Seung Hwan,Light listeners
Han All,Previously Active Listeners
Mac Ayres,Light listeners
Video Age,Previously Active Listeners
Joe Dassin,Previously Active Listeners
The White Buffalo,Previously Active Listeners
ì§€ì°½ìš±,Previously Active Listeners
Miki Matsubara,Previously Active Listeners
Rono,Previously Active Listeners
Rahat Fateh Ali Khan,Light listeners
Faime,Previously Active Listeners
Stevie Wonder,Previously Active Listeners
James Smith,Previously Active Listeners
Centimillimental,Previously Active Listeners
Zitten,Previously Active Listeners
Sweet Cocoa,Previously Active Listeners
Morgan Sulele,Light listeners
Clark,Previously Active Listeners
gnash,Previously Active Listeners
Kim Jong Wan of NELL,Light listeners
The Penguins,Previously Active Listeners
Tiffany Day,Previously Active Listeners
Laufey,Moderate listeners
The Backseat Lovers,Previously Active Listeners
Jakob,Previously Active Listeners
TWICE,Previously Active Listeners
KREAM,Previously Active Listeners
Yerin Baek,Previously Active Listeners
Hailaker,Previously Active Listeners
Salim Merchant,Previously Active Listeners
Of Monsters and Men,Previously Active Listeners
Toshifumi Hinata,Previously Active Listeners
Dasutt,Previously Active Listeners
Paolo Sandejas,Previously Active Listeners
Isao Tomita,Previously Active Listeners
Edvard Grieg,Previously Active Listeners
mgk,Previously Active Listeners
The Local Train,Light listeners
Keepitinside,Light listeners
The Ridleys,Previously Active Listeners
Nile Rodgers,Previously Active Listeners
Keren Ann,Previously Active Listeners
Jackson Lundy,Previously Active Listeners
Cavetown,Light listeners
DeVita,Previously Active Listeners
Travis Barker,Previously Active Listeners
Conan Gray,Moderate listeners
Hamsika Iyer,Previously Active Listeners
Loane,Previously Active Listeners
Elvis Presley,Previously Active Listeners
Luis Fernando PÃ©rez,Previously Active Listeners
mehro,Previously Active Listeners
Vishal-Shekhar,Moderate listeners
PLVTINUM,Previously Active Listeners
Mike WiLL Made-It,Previously Active Listeners
OOHYO,Light listeners
GSoul,Previously Active Listeners
KIRTI SAGATHIA,Light listeners
Skrillex,Previously Active Listeners
Hojean,Light listeners
Waterparks,Previously Active Listeners
Wonder Girls,Previously Active Listeners
Jayanth Kaikini,Previously Active Listeners
O3ohn,Previously Active Listeners
SHINHWA,Previously Active Listeners
Raveena,Previously Active Listeners
Sunidhi Chauhan,Previously Active Listeners
Joseph Vincent,Previously Active Listeners
Latto,Previously Active Listeners
JEONG SEWOON,Previously Active Listeners
Britney Spears,Light listeners
Catie Turner,Light listeners
HAUSER,Previously Active Listeners
Weki Meki,Previously Active Listeners
MINGYU,Light listeners
Nothing But Thieves,Previously Active Listeners
Hallie Coggins,Previously Active Listeners
Roop Kumar Rathod,Previously Active Listeners
Ice Spice,Light listeners
Madonna,Light listeners
Vansire,Previously Active Listeners
Ankur Tewari,Previously Active Listeners
suggi,Previously Active Listeners
Kim Petras,Previously Active Listeners
DOMi & JD BECK,Previously Active Listeners
BamBam,Previously Active Listeners
MoonMoon,Previously Active Listeners
YUGYEOM,Previously Active Listeners
Joe Hisaishi,Light listeners
Jeremy Brown,Previously Active Listeners
BEKA,Previously Active Listeners
Sadhana Sargam,Light listeners
WOOSUNG,Light listeners
Afgan,Previously Active Listeners
KANGDANIEL,Previously Active Listeners
Baha Men,Previously Active Listeners
Jordana,Previously Active Listeners
Jang Beom June,Previously Active Listeners
Jake Scott,Previously Active Listeners
BIBI,Light listeners
DooPiano,Previously Active Listeners
Echosmith,Previously Active Listeners
Park Hyo Shin,Previously Active Listeners
Kavita Seth,Light listeners
Sia,Previously Active Listeners
Alice et Moi,Previously Active Listeners
SE SO NEON,Light listeners
GOT7,Previously Active Listeners
Kausar Munir,Light listeners
Alexander Jean,Previously Active Listeners
BeyoncÃ©,Previously Active Listeners
Rothy,Previously Active Listeners
Weeekly,Previously Active Listeners
Alan Walker,Previously Active Listeners
MAGIC!,Previously Active Listeners
Amitabh Bhattacharya,Previously Active Listeners
London Symphony Orchestra,Previously Active Listeners
Åªla,Previously Active Listeners
Ryuichi Sakamoto,Previously Active Listeners
JEMMA,Previously Active Listeners
demxntia,Previously Active Listeners
Justin Bieber,Moderate listeners
Bazzi,Previously Active Listeners
Raj Shekhar,Previously Active Listeners
MONSTA X,Previously Active Listeners
Lee So Ra,Previously Active Listeners
we're ok!,Previously Active Listeners
Mismatched,Previously Active Listeners
Everybody Loves an Outlaw,Previously Active Listeners
Bruno Major,Light listeners
The Civil Wars,Previously Active Listeners
Tsuwavii,Previously Active Listeners
Kyle Landry,Previously Active Listeners
Jean-Yves Thibaudet,Previously Active Listeners
Chris Stapleton,Previously Active Listeners
Salimâ€“Sulaiman,Previously Active Listeners
Unknown Mortal Orchestra,Previously Active Listeners
Casual Sex,Previously Active Listeners
iKON,Light listeners
Celina Sharma,Previously Active Listeners
maye,Light listeners
KAYDEN,Previously Active Listeners
Steve Lacy,Previously Active Listeners
Alka Yagnik,Previously Active Listeners
Tochi Raina,Previously Active Listeners
Graham Harvey,Previously Active Listeners
Rochak Kohli,Previously Active Listeners
Goose house,Previously Active Listeners
Sreeram,Previously Active Listeners
Romy,Light listeners
Dean Martin,Previously Active Listeners
Taylor Swift,Light listeners
Lara Anderson,Previously Active Listeners
Aquilo,Previously Active Listeners
Lewis Capaldi,Previously Active Listeners
Fiji Blue,Light listeners
HYUKOH,Light listeners
Vampire Weekend,Previously Active Listeners
NiiHWA,Previously Active Listeners
Antonio Vivaldi,Previously Active Listeners
Bradley Cooper,Previously Active Listeners
Ariana Grande,Light listeners
Nick Leng,Previously Active Listeners
The Crystals,Previously Active Listeners
Stray Kids,Previously Active Listeners
Anvita Dutt,Light listeners
New Empire,Previously Active Listeners
109,Previously Active Listeners
Moliy,Previously Active Listeners
Hellogoodbye,Previously Active Listeners
Matt Skelton,Previously Active Listeners
Mingginyu,Previously Active Listeners
Bad Bunny,Light listeners
SS501,Previously Active Listeners
Lim Changjung,Previously Active Listeners
benny blanco,Previously Active Listeners
Honeywhip,Light listeners
The Strokes,Previously Active Listeners
Sir Chloe,Previously Active Listeners
Mali-Koa,Previously Active Listeners
Mohan Kannan,Previously Active Listeners
Greta Van Fleet,Previously Active Listeners
BETWEEN FRIENDS,Light listeners
Florence + The Machine,Previously Active Listeners
HENRY,Previously Active Listeners
Rory Adams,Previously Active Listeners
Imaginary Poet,Previously Active Listeners
brian mantra,Previously Active Listeners
IU,Moderate listeners
Alesso,Previously Active Listeners
AleXa,Previously Active Listeners
Asees Kaur,Previously Active Listeners
KIMSEJEONG,Light listeners
Sorry,Previously Active Listeners
Lim Jeong Hee,Previously Active Listeners
LÃœCY,Previously Active Listeners
Mathilda Homer,Previously Active Listeners
BE'O,Previously Active Listeners
Bryce Vine,Light listeners
Junggigo,Light listeners
Aditi Singh Sharma,Previously Active Listeners
Raul De Souza,Previously Active Listeners
gate ë¬¸,Previously Active Listeners
Searows,Previously Active Listeners
Tyler Burkhart,Previously Active Listeners
Haley Heynderickx,Previously Active Listeners
EyeLoveBrandon,Previously Active Listeners
FIFTY FIFTY,Previously Active Listeners
Osho Jain,Previously Active Listeners
Qadir Khan,Previously Active Listeners
The Paper Kites,Previously Active Listeners
Why Don't We,Previously Active Listeners
Charlie Puth,Previously Active Listeners
Before You Exit,Previously Active Listeners
rayo,Previously Active Listeners
boy pablo,Previously Active Listeners
BOL4,Previously Active Listeners
Jeff Satur,Previously Active Listeners
KLANG,Light listeners
JANNABI,Moderate listeners
Gaeko,Previously Active Listeners
Simon & Garfunkel,Previously Active Listeners
ALEPH,Previously Active Listeners
New Hope Club,Previously Active Listeners
SHINee,Light listeners
Rad Museum,Previously Active Listeners
Nupur Pant,Light listeners
Robert Glasper,Light listeners
Anderson .Paak,Light listeners
Valley,Previously Active Listeners
Frankie Valli,Previously Active Listeners
OneRepublic,Previously Active Listeners
Jason Mraz,Previously Active Listeners
Melanie Martinez,Previously Active Listeners
JIN,Light listeners
Amit Kumar,Light listeners
MINNIE,Previously Active Listeners
Sofia Carson,Previously Active Listeners
Isaac Dunbar,Previously Active Listeners
Emma Stone,Previously Active Listeners
Roberto Bravo,Light listeners
Strawberry Guy,Previously Active Listeners
Omar Apollo,Light listeners
The National Parks,Light listeners
imase,Previously Active Listeners
Jim Tomlinson,Previously Active Listeners
Lucienne Boyer,Light listeners
Hayne,Previously Active Listeners
DRAM,Previously Active Listeners
d4vd,Previously Active Listeners
KATIE,Previously Active Listeners
Muni Long,Previously Active Listeners
Justin Hurwitz,Light listeners
ZICO,Previously Active Listeners
Akriti Kakar,Previously Active Listeners
Towa Bird,Previously Active Listeners
BTS,Super Listeners
Earl Edgar,Previously Active Listeners
Beach House,Previously Active Listeners
Kim Kyung Hee,Previously Active Listeners
K'NAAN,Previously Active Listeners
Johannes Brahms,Light listeners
Tablo,Previously Active Listeners
Phum Viphurit,Previously Active Listeners
CHEEZE,Previously Active Listeners
Annie Lennox,Previously Active Listeners
Jesse Barrera,Previously Active Listeners
æœ‰è¯,Previously Active Listeners
Monali Thakur,Previously Active Listeners
The Spook School,Previously Active Listeners
Oscar CastaÃ±o Chavez,Previously Active Listeners
nokdu,Previously Active Listeners
Silk Sonic,Light listeners
Au/Ra,Previously Active Listeners
Naomi Scott,Previously Active Listeners
keshi,Light listeners
Dvwn,Light listeners
b/t,Previously Active Listeners
Plain White T's,Previously Active Listeners
So!YoON!,Light listeners
Joseph Tilley,Previously Active Listeners
Greyson Chance,Previously Active Listeners
thá»§y,Previously Active Listeners
Howard Shore,Previously Active Listeners
BAEKHYUN,Previously Active Listeners
Lauv,Moderate listeners
SEVENTEEN,Previously Active Listeners
Savera,Previously Active Listeners
Dave Holland,Previously Active Listeners
TOMORROW X TOGETHER,Moderate listeners
Gopi Sundar,Previously Active Listeners
B.I,Previously Active Listeners
Jamie Troy,Previously Active Listeners
Dept,Previously Active Listeners
LOVEONFRIDAY,Previously Active Listeners
Oscar Anton,Light listeners
Primary,Previously Active Listeners
The 1975,Light listeners
Vacations,Light listeners
Sheet Music Boss,Previously Active Listeners
Jaswinder Singh,Light listeners
Amaarae,Previously Active Listeners
Chasu,Light listeners
Cuco,Previously Active Listeners
slchld,Previously Active Listeners
Wallows,Previously Active Listeners
Johann Pachelbel,Previously Active Listeners
LeeHi,Light listeners
Catfish and the Bottlemen,Previously Active Listeners
Robert Ziegler,Previously Active Listeners
Dahl,Previously Active Listeners
Suki Waterhouse,Previously Active Listeners
Night Off,Previously Active Listeners
So Many Wizards,Previously Active Listeners
Devin Kennedy,Previously Active Listeners
Ayumu Imazu,Light listeners
MARO,Previously Active Listeners
Frances Forever,Previously Active Listeners
Ruel,Previously Active Listeners
Lamp,Previously Active Listeners
Joji,Light listeners
Chase Atlantic,Light listeners
Finding Hope,Previously Active Listeners
Death Cab for Cutie,Light listeners
"Tyler, The Creator",Previously Active Listeners
The Macarons Project,Previously Active Listeners
BJ The Chicago Kid,Previously Active Listeners
Billy Joel,Previously Active Listeners
EXO,Previously Active Listeners
SG Lewis,Light listeners
Billie Eilish,Light listeners
Roar,Previously Active Listeners
AKMU,Light listeners
Charles Trenet,Previously Active Listeners
VanJess,Previously Active Listeners
Maldito,Previously Active Listeners
Snow Patrol,Light listeners
The Vamps,Previously Active Listeners
DPR LIVE,Light listeners
The Neighbourhood,Moderate listeners
Ricky Montgomery,Light listeners
Nena,Previously Active Listeners
Kanon Orchestre de Chambre,Previously Active Listeners
Kim Kyoung Hee,Previously Active Listeners
HONNE,Light listeners
Tom Rosenthal,Previously Active Listeners
Freya Ridings,Previously Active Listeners
Laura Les,Previously Active Listeners
Berliner Philharmoniker,Previously Active Listeners
Queen,Previously Active Listeners
CL,Previously Active Listeners
USHER,Previously Active Listeners
Ant Saunders,Previously Active Listeners
Hajin,Previously Active Listeners
Stephanie Poetri,Previously Active Listeners
JINBO the SuperFreak,Previously Active Listeners
South Club,Light listeners
MAX,Light listeners
nia,Previously Active Listeners
Nikhil Paul George,Previously Active Listeners
Steezy Knicks,Previously Active Listeners
Myke Towers,Previously Active Listeners
ã€Žãƒ¦ã‚¤ã‚«ã€,Previously Active Listeners
Peter McPoland,Light listeners
bÃ´a,Previously Active Listeners
homezone,Previously Active Listeners
Sarah Kang,Previously Active Listeners
LAS,Light listeners
Delaney Bailey,Light listeners
Peder Elias,Previously Active Listeners
Pharrell Williams,Previously Active Listeners
Louis Armstrong,Previously Active Listeners
Giveon,Previously Active Listeners
Shaan,Light listeners
KSHMR,Previously Active Listeners
Flower Face,Previously Active Listeners
DPR IAN,Moderate listeners
Jon McLaughlin,Previously Active Listeners
iann dior,Light listeners
Les Paul,Previously Active Listeners
Sachin-Jigar,Previously Active Listeners
Javed-Mohsin,Previously Active Listeners
juno roome,Previously Active Listeners
Breakup Shoes,Light listeners
Anson Seabra,Previously Active Listeners
Craig Douglas,Previously Active Listeners
Us The Duo,Previously Active Listeners
JVKE,Previously Active Listeners
Aleebi,Previously Active Listeners
Beach Bunny,Previously Active Listeners
Rocco,Previously Active Listeners
Sajid-Wajid,Previously Active Listeners
WayV,Previously Active Listeners
Peach Pit,Light listeners
Shilpa Rao,Light listeners
Dayglow,Previously Active Listeners
Mohit Chauhan,Light listeners
Jake Miller,Previously Active Listeners
Vitamin String Quartet,Light listeners
A Firm Handshake,Previously Active Listeners
Niall Horan,Light listeners
Prateek Kuhad,Light listeners
Doris Day,Previously Active Listeners
Yot Club,Previously Active Listeners
Oasis,Previously Active Listeners
Balming Tiger,Previously Active Listeners
Camille Saint-SaÃ«ns,Previously Active Listeners
blackbear,Previously Active Listeners
Heo Hoy Kyung,Previously Active Listeners
Yo-Sea,Previously Active Listeners
dosii,Light listeners
JP Saxe,Previously Active Listeners
Birdy,Previously Active Listeners
Jordy Chandra,Light listeners
Emmit Fenn,Previously Active Listeners
The Japanese House,Previously Active Listeners
Shankar-Ehsaan-Loy,Light listeners
Angelo De Augustine,Previously Active Listeners
Takayoshi,Previously Active Listeners
Alan Menken,Previously Active Listeners
LEEHEESANG,Previously Active Listeners
James TW,Previously Active Listeners
Blondie,Previously Active Listeners
Fleet Foxes,Previously Active Listeners
Vienna Teng,Previously Active Listeners
DAY6,Previously Active Listeners
PinkPantheress,Light listeners
DPR CREAM,Previously Active Listeners
Kennen,Previously Active Listeners
Lykke Li,Light listeners
Karthik,Previously Active Listeners
Jeanne Moreau,Previously Active Listeners
Tippy Balady,Previously Active Listeners
Eminem,Previously Active Listeners
Grace VanderWaal,Previously Active Listeners
Bread,Previously Active Listeners
yung kai,Moderate listeners
Zara Larsson,Previously Active Listeners
Paul Lewis,Previously Active Listeners
Andy Grammer,Previously Active Listeners
Thomas Ng,Previously Active Listeners
no/vox,Previously Active Listeners
Jackson Wang,Previously Active Listeners
æž—æ„·å€«,Previously Active Listeners
Little Simz,Light listeners
Kim Feel,Previously Active Listeners
Bastille,Light listeners
gugudan,Previously Active Listeners
Khlaw,Previously Active Listeners
Mother Mother,Light listeners
bj wnjn,Previously Active Listeners
ENHYPEN,Previously Active Listeners
Madison Beer,Previously Active Listeners
Emile Pandolfi,Previously Active Listeners
Tanishk Bagchi,Previously Active Listeners
Aoife O'Donovan,Previously Active Listeners
Alessia Cara,Light listeners
Cam,Previously Active Listeners
Sickick,Light listeners
Sarah Barrios,Previously Active Listeners
V,Moderate listeners
Jai Paul,Previously Active Listeners
The Calling,Previously Active Listeners
Jung Kook,Moderate listeners
Train,Previously Active Listeners
Sammy Davis Jr.,Previously Active Listeners
Smyang Piano,Previously Active Listeners
Charlie Burg,Previously Active Listeners
Tyla,Previously Active Listeners
Harry Teardrop,Previously Active Listeners
Jasleen Royal,Light listeners
Crush,Previously Active Listeners
Arijit Singh,Moderate listeners
KlÃ´ Pelgag,Previously Active Listeners
Park Bird,Light listeners
State Champs,Previously Active Listeners
Hippo Campus,Previously Active Listeners
Rachael Yamagata,Previously Active Listeners
Cody Fry,Light listeners
Mac DeMarco,Previously Active Listeners
Florist,Previously Active Listeners
The Pied Pipers,Light listeners
James Newton Howard,Previously Active Listeners
Nikhil D'Souza,Previously Active Listeners
Art Garfunkel,Previously Active Listeners
The Irrepressibles,Previously Active Listeners
Jasmine Thompson,Previously Active Listeners
Matthew Mole,Previously Active Listeners
Pomme,Previously Active Listeners
Current Joys,Previously Active Listeners
Seafret,Previously Active Listeners
NELL,Previously Active Listeners
Shawn Mendes,Moderate listeners
Kodak Black,Previously Active Listeners
SOLOMON,Previously Active Listeners
Luna Li,Previously Active Listeners
Mudd the student,Previously Active Listeners
Lothika,Previously Active Listeners
Jason Derulo,Previously Active Listeners
shy martin,Previously Active Listeners
Pshiybash,Previously Active Listeners
Mena Massoud,Previously Active Listeners
X Lovers,Previously Active Listeners
Sreeram,Previously Active Listeners
Rauw Alejandro,Previously Active Listeners
JIHYO,Previously Active Listeners
Clint Eastwood,Previously Active Listeners
Frankie Cosmos,Previously Active Listeners
Kacey Musgraves,Previously Active Listeners
Connie Francis,Previously Active Listeners
Christian Kuria,Light listeners
Seungmin,Previously Active Listeners
Khalid,Previously Active Listeners
Sireesha Bhagavatula,Previously Active Listeners
Calum Scott,Previously Active Listeners
girl in red,Moderate listeners
Laurindo Almeida,Light listeners
Allison Russell,Previously Active Listeners
Neuman Pinto,Previously Active Listeners
FINNEAS,Light listeners
Jamie Cullum,Previously Active Listeners
Siddharth - Garima,Light listeners
Blue Foundation,Previously Active Listeners
Invadable Harmony,Previously Active Listeners
IV Of Spades,Previously Active Listeners
JUNNY,Previously Active Listeners
Jemima Coulter,Previously Active Listeners
Arctic Monkeys,Moderate listeners
frad,Previously Active Listeners
Lee Chan Sol,Previously Active Listeners
Austin Farwell,Previously Active Listeners
Dhruv,Light listeners
The Smiths,Previously Active Listeners
Tate McRae,Previously Active Listeners
HRVY,Previously Active Listeners
Chappell Roan,Previously Active Listeners
Linda Scott,Previously Active Listeners
Sonu Nigam,Light listeners
JO KWON,Previously Active Listeners
Taaruk Raina,Previously Active Listeners
The Kid LAROI,Light listeners
Pink Sweat$,Previously Active Listeners
BENEE,Previously Active Listeners
Dario Marianelli,Previously Active Listeners
Sebastian Comberti,Previously Active Listeners
j-hope,Moderate listeners
TUFF DAEHEE,Previously Active Listeners
Al Martino,Previously Active Listeners
Lana Del Rey,Light listeners
J. Cole,Previously Active Listeners
Halsey,Previously Active Listeners
Kina Grannis,Light listeners
Various Artists,Moderate listeners
MARINA,Previously Active Listeners
Arizona Zervas,Previously Active Listeners
beabadoobee,Previously Active Listeners
WILLOW,Previously Active Listeners
Dot.,Previously Active Listeners
A.R. Rahman,Moderate listeners
Kodaline,Previously Active Listeners
PUBLIC,Previously Active Listeners
Das EFX,Previously Active Listeners
The Fray,Light listeners
Cage The Elephant,Previously Active Listeners
CODE KUNST,Previously Active Listeners
HWASA,Previously Active Listeners
Brandi Carlile,Previously Active Listeners
Doja Cat,Previously Active Listeners
Jatin-Lalit,Light listeners
Carla Bruni,Previously Active Listeners
Beach Weather,Previously Active Listeners
Younha,Previously Active Listeners
Sam Wills,Previously Active Listeners
Bobby Darin,Light listeners
Johnny Stimson,Previously Active Listeners
The Walters,Previously Active Listeners
EASHA,Previously Active Listeners
Neha Karode,Previously Active Listeners
B Praak,Light listeners
Megan Thee Stallion,Moderate listeners
Little Mix,Previously Active Listeners
Prasoon Joshi,Light listeners
Central Cee,Previously Active Listeners
DPR ARTIC,Previously Active Listeners
RM,Moderate listeners
One Direction,Moderate listeners
Miley Cyrus,Light listeners
Clairo,Light listeners
James Bay,Previously Active Listeners
Ruth B.,Previously Active Listeners
Sanjay Leela Bhansali,Light listeners
Fujii Kaze,Previously Active Listeners
BIG Naughty,Previously Active Listeners
Disclosure,Previously Active Listeners
Dion & The Belmonts,Previously Active Listeners
Gwen Stefani,Previously Active Listeners
D.O.,Previously Active Listeners
Brye,Previously Active Listeners
Anvita Dutt Guptan,Light listeners
Ã˜MI,Previously Active Listeners
Rudimental,Previously Active Listeners
Ingrid Michaelson,Previously Active Listeners
Lily Allen,Previously Active Listeners
Neeraj Shridhar,Light listeners
My Chemical Romance,Previously Active Listeners
DAYDREAM,Light listeners
Murtuza Khan,Previously Active Listeners
The Oh Hellos,Previously Active Listeners
Vinyl Theatre,Previously Active Listeners
The Platters,Previously Active Listeners
Shekhar Ravjiani,Light listeners
Ha Hyun Sang,Previously Active Listeners
david hugo,Previously Active Listeners
Rosa Walton,Previously Active Listeners
Eric Nam,Previously Active Listeners
Dagmar Collier,Previously Active Listeners
Fast & Furious: The Fast Saga,Previously Active Listeners
Shiraz Uppal,Light listeners
Miriam Keogh,Previously Active Listeners
Aya Nakamura,Previously Active Listeners
itssvd,Previously Active Listeners
Sleeping At Last,Previously Active Listeners
Gulzar,Light listeners
GEMINI,Previously Active Listeners
Faye Webster,Previously Active Listeners
RP,Previously Active Listeners
ECLIPSE,Light listeners
Kali Uchis,Moderate listeners
Zachary Levi,Previously Active Listeners
Tame Impala,Previously Active Listeners
George Shearing,Previously Active Listeners
dvsn,Light listeners
Omega Sapien,Previously Active Listeners
eAeon,Previously Active Listeners
Jome,Previously Active Listeners
LANY,Light listeners
Jess Benko,Light listeners
LE SSERAFIM,Moderate listeners
FLETCHER,Previously Active Listeners
Novo Amor,Light listeners
grentperez,Light listeners
Ron Pope,Previously Active Listeners
Eyedress,Previously Active Listeners
Cvmel,Previously Active Listeners
Wolf Alice,Previously Active Listeners
TAEIL,Previously Active Listeners
Patrick Brasca,Previously Active Listeners
Richa Sharma,Light listeners
Gregory Alan Isakov,Previously Active Listeners
Shreya Ghoshal,Light listeners
When Chai Met Toast,Previously Active Listeners
Oho,Previously Active Listeners
Ben Rector,Previously Active Listeners
PSY,Previously Active Listeners
Nora Fatehi,Previously Active Listeners
Mokita,Previously Active Listeners
Philharmonia Orchestra,Previously Active Listeners
Sweet The Kid,Previously Active Listeners
DANIEL,Moderate listeners
HYNN,Previously Active Listeners
R3HAB,Previously Active Listeners
Snoop Dogg,Previously Active Listeners
lady Jane,Previously Active Listeners
melatonin boy,Previously Active Listeners
Rajesh Roshan,Previously Active Listeners
SECRET NUMBER,Previously Active Listeners
ethereal,Previously Active Listeners
Epik High,Light listeners
KARD,Previously Active Listeners
Ji Pyeong Kwon,Previously Active Listeners
Bruno Mars,Light listeners
Kauai45,Previously Active Listeners
bÃ¼low,Previously Active Listeners
Lowswimmer,Light listeners
Kailash Kher,Light listeners
Chevy,Light listeners
Kelsea Ballerini,Light listeners
Katherine Ho,Previously Active Listeners
YANG YO SEOP,Previously Active Listeners
Cate,Previously Active Listeners
R. D. Burman,Light listeners
dodie,Previously Active Listeners
Jonas Brothers,Previously Active Listeners
MeloMance,Light listeners
Varun Grover,Previously Active Listeners
Em Beihold,Previously Active Listeners
5 Seconds of Summer,Previously Active Listeners
Your Crush,Previously Active Listeners
Taba Chake,Previously Active Listeners
JHAYCO,Previously Active Listeners
Vishal Dadlani,Previously Active Listeners
Jimin,Moderate listeners
Shayne Orok,Previously Active Listeners
Shirish Kunder,Previously Active Listeners
Ka$tro,Previously Active Listeners
Shelly,Previously Active Listeners
Jeremy Zucker,Previously Active Listeners
Lee Hyun,Previously Active Listeners
seth arlan,Previously Active Listeners
HUH YUNJIN,Light listeners
Landon Tewers,Previously Active Listeners
Adrian Chandler,Previously Active Listeners
David Halliday,Previously Active Listeners
AB6IX,Previously Active Listeners
TRACE,Previously Active Listeners
wave to earth,Moderate listeners
Vijay Prakash,Previously Active Listeners
Lyn Lapid,Previously Active Listeners
PRYVT,Previously Active Listeners
Sojung,Light listeners
Harry James,Previously Active Listeners
Suriel Hess,Previously Active Listeners
Juju B. Goode,Previously Active Listeners
NU'EST W,Previously Active Listeners
THE DRIVER ERA,Previously Active Listeners
H.E.R.,Light listeners
SZA,Previously Active Listeners
çŽ‹OK,Light listeners
ADOY,Light listeners
Saweetie,Previously Active Listeners
Nico,Previously Active Listeners
Johnny,Previously Active Listeners
KAI,Previously Active Listeners
Ber,Previously Active Listeners
NCT 127,Previously Active Listeners
Amit Trivedi,Light listeners
Joy Again,Previously Active Listeners
Bittermilk,Previously Active Listeners
YOON MIRAE,Previously Active Listeners
Hozier,Moderate listeners
HA SUNG WOON,Previously Active Listeners
PARTYNEXTDOOR,Light listeners
Gareth.T,Previously Active Listeners
Coldplay,Light listeners
Wabie,Previously Active Listeners
John Parricelli,Previously Active Listeners
La Serenissima,Previously Active Listeners
Ed Sheeran,Moderate listeners
WONWOO,Light listeners
Inhaler,Previously Active Listeners
Elaine,Previously Active Listeners
Jack Harlow,Previously Active Listeners
RADWIMPS,Light listeners
R5,Previously Active Listeners
Pritam,Moderate listeners
Roy Kim,Previously Active Listeners
Sam Kim,Previously Active Listeners
Destiny's Child,Previously Active Listeners
Miquela,Light listeners
NAYEON,Previously Active Listeners
Post Malone,Light listeners
Matt Maltese,Light listeners
Rekha Bhardwaj,Previously Active Listeners
ROSALÃA,Previously Active Listeners
Patrick Doyle,Light listeners
Stella Jang,Previously Active Listeners
The Night Of Seokyo,Previously Active Listeners
Sharon Van Etten,Previously Active Listeners
Shahid Mallya,Previously Active Listeners
Sanam Puri,Previously Active Listeners
NATTI NATASHA,Previously Active Listeners
Griff,Previously Active Listeners
Lee Seung Gi,Previously Active Listeners
DJ Snake,Previously Active Listeners
Nessa Barrett,Previously Active Listeners
ITZY,Light listeners
John Mayer,Previously Active Listeners
Pooja AV,Light listeners
Rashid Ali,Light listeners
NLE Choppa,Previously Active Listeners
PENOMECO,Previously Active Listeners
Ash King,Previously Active Listeners
Sabrina Carpenter,Previously Active Listeners
STAYC,Light listeners
mrld,Previously Active Listeners
NewJeans,Previously Active Listeners
SUGA,Previously Active Listeners
Shipra Goyal,Previously Active Listeners
Cigarettes After Sex,Moderate listeners
Far Caspian,Previously Active Listeners
Daniel Caesar,Light listeners
Ed Tullett,Previously Active Listeners
Sufjan Stevens,Light listeners
JÃ£o,Previously Active Listeners
Jean-FranÃ§ois Paillard,Previously Active Listeners
The Chairs,Previously Active Listeners
Sam Smith,Previously Active Listeners
24kGoldn,Light listeners
The Vaccines,Previously Active Listeners
Raghu Dixit,Previously Active Listeners
Sting,Previously Active Listeners
TV Girl,Light listeners
Colde,Light listeners
The Rose,Moderate listeners
Haley Reinhart,Previously Active Listeners
Piano Project,Previously Active Listeners
Jooyoung,Previously Active Listeners
Coyote Theory,Light listeners
Gummy,Previously Active Listeners
Wasia Project,Light listeners
Scissor Sisters,Previously Active Listeners
Yves Montand,Previously Active Listeners
Major Lazer,Light listeners
Nat King Cole,Light listeners
Fin Argus,Previously Active Listeners
Mismatched - Cast,Previously Active Listeners
milk.,Previously Active Listeners
Udit Narayan,Light listeners
FIFA Sound,Previously Active Listeners
TAEYANG,Previously Active Listeners
Cults,Previously Active Listeners
The Chainsmokers,Previously Active Listeners
David Hays,Light listeners
TEN,Previously Active Listeners
Dr. Dog,Previously Active Listeners
LEE SUHYUN,Previously Active Listeners
Anthony Joseph,Previously Active Listeners
Lea Cota,Previously Active Listeners
Abi Bernadoth,Previously Active Listeners
Emily Watts,Previously Active Listeners
Noah Kahan,Previously Active Listeners
DEAN,Light listeners
Carly Rae Jepsen,Previously Active Listeners
Social House,Previously Active Listeners
Rahma Riad,Previously Active Listeners
Akon,Previously Active Listeners
IVE,Light listeners
Fairy Lullaby,Previously Active Listeners
Shirebound & Busking,Previously Active Listeners
Paul Simon,Previously Active Listeners
Galdive,Previously Active Listeners
KEY,Previously Active Listeners
JeHwi,Previously Active Listeners
Julia Michaels,Previously Active Listeners
New West,Previously Active Listeners
92914,Light listeners
Manuel Turizo,Previously Active Listeners
UMI,Previously Active Listeners
Benny Dayal,Previously Active Listeners
Carpenters,Previously Active Listeners
Loving Caliber,Previously Active Listeners
The Lumineers,Light listeners
Jennifer Chung,Light listeners
Shitom Ahmed,Previously Active Listeners
Camille,Previously Active Listeners
The Black Skirts,Light listeners
Micah Edwards,Previously Active Listeners
Chris James,Previously Active Listeners
Edison Lighthouse,Previously Active Listeners
Bing Crosby,Previously Active Listeners
Anumita Nadesan,Previously Active Listeners
Moon Byul,Previously Active Listeners
Claude Debussy,Light listeners
Taletta,Light listeners
Cihat AÅŸkÄ±n,Previously Active Listeners
Patrick Watson,Light listeners
Sam Tinnesz,Previously Active Listeners
JU-NE,Previously Active Listeners
Milky Day,Previously Active Listeners
Destiny Rogers,Previously Active Listeners
Liana Flores,Previously Active Listeners
Manila Killa,Previously Active Listeners
Anuv Jain,Light listeners
Yaya Bey,Previously Active Listeners
Imaginary Future,Previously Active Listeners
Jubin Nautiyal,Previously Active Listeners
Los Campesinos!,Previously Active Listeners
jxdn,Light listeners
Savina & Drones,Previously Active Listeners
Lizzy McAlpine,Previously Active Listeners
Clinton Kane,Previously Active Listeners
Gracie Abrams,Previously Active Listeners
Chinmayi,Moderate listeners
TAEMIN,Previously Active Listeners
100 gecs,Previously Active Listeners
Medasin,Light listeners
Ozuna,Previously Active Listeners
Sasha Alex Sloan,Previously Active Listeners
